<application>
  <component name="libraryTable">
    <library name="cdn-coming-soon" type="javaScript">
      <properties>
        <sourceFilesUrls>
          <item url="file://$APPLICATION_CONFIG_DIR$/javascript/extLibs/http_cdn.rawgit.com_rimiti_5de75a3ec251e58ebe8cc3d361bdd28c_raw_68b7eac24f5ca9a0d997014cba7ef574fa69d0d8_cdn-coming-soon.min.js" />
        </sourceFilesUrls>
      </properties>
      <CLASSES>
        <root url="file://$APPLICATION_CONFIG_DIR$/javascript/extLibs/http_cdn.rawgit.com_rimiti_5de75a3ec251e58ebe8cc3d361bdd28c_raw_68b7eac24f5ca9a0d997014cba7ef574fa69d0d8_cdn-coming-soon.min.js" />
      </CLASSES>
      <SOURCES />
    </library>
    <library name="font-awesome" type="javaScript">
      <properties>
        <sourceFilesUrls>
          <item url="file://$APPLICATION_CONFIG_DIR$/javascript/extLibs/http_cdnjs.cloudflare.com_ajax_libs_font-awesome_5.15.2_css_all.css" />
        </sourceFilesUrls>
      </properties>
      <CLASSES>
        <root url="file://$APPLICATION_CONFIG_DIR$/javascript/extLibs/http_cdnjs.cloudflare.com_ajax_libs_font-awesome_5.15.2_css_all.css" />
      </CLASSES>
      <SOURCES />
    </library>
    <library name="frappe-gantt" type="javaScript">
      <properties>
        <sourceFilesUrls>
          <item url="file://$APPLICATION_CONFIG_DIR$/javascript/extLibs/http_frappe.io_gantt_js_frappe-gantt.min.js" />
        </sourceFilesUrls>
      </properties>
      <CLASSES>
        <root url="file://$APPLICATION_CONFIG_DIR$/javascript/extLibs/http_frappe.io_gantt_js_frappe-gantt.min.js" />
      </CLASSES>
      <SOURCES />
    </library>
    <library name="jquery-3.4.1" type="javaScript">
      <properties>
        <option name="frameworkName" value="jQuery" />
        <sourceFilesUrls>
          <item url="file://$APPLICATION_CONFIG_DIR$/javascript/extLibs/http_code.jquery.com_jquery-3.4.1.js" />
        </sourceFilesUrls>
      </properties>
      <CLASSES>
        <root url="file://$APPLICATION_CONFIG_DIR$/javascript/extLibs/http_code.jquery.com_jquery-3.4.1.js" />
      </CLASSES>
      <DOCUMENTATION>
        <root url="http://api.jquery.com" />
      </DOCUMENTATION>
      <SOURCES />
    </library>
    <library name="zaf_sdk" type="javaScript">
      <properties>
        <sourceFilesUrls>
          <item url="file://$APPLICATION_CONFIG_DIR$/javascript/extLibs/http_assets.zendesk.com_apps_sdk_2.0_zaf_sdk.js" />
        </sourceFilesUrls>
      </properties>
      <CLASSES>
        <root url="file://$APPLICATION_CONFIG_DIR$/javascript/extLibs/http_assets.zendesk.com_apps_sdk_2.0_zaf_sdk.js" />
      </CLASSES>
      <SOURCES />
    </library>
  </component>
</application>