<application>
  <component name="FileTypeManager" version="18">
    <extensionMap>
      <mapping pattern="Dockerfile-worker-check-deals" type="Dockerfile" />
      <mapping pattern="Dockerfile-worker-schedule-next-user-notifications" type="Dockerfile" />
      <mapping pattern="Dockerfile_api" type="Dockerfile" />
      <mapping pattern="Dockerfile-database_migration" type="Dockerfile" />
      <mapping pattern="Dockerfile-scheduler" type="Dockerfile" />
      <mapping pattern="Dockerfile_database_migration" type="Dockerfile" />
      <mapping pattern="Dockerfile-worker-load-social-account" type="Dockerfile" />
      <mapping pattern="Dockerfile-api" type="Dockerfile" />
      <mapping pattern="Dockerfile-worker-load-all-newsletters" type="Dockerfile" />
      <mapping pattern="Dockerfile-worker-load-all-social-accounts" type="Dockerfile" />
      <mapping pattern="Dockerfile-worker-lost-password" type="Dockerfile" />
      <mapping pattern="Dockerfile-worker-load-newsletters-for" type="Dockerfile" />
      <mapping pattern="Dockerfile-worker-cleanup-deleted-users" type="Dockerfile" />
      <mapping pattern="Dockerfile-worker-unsubscribe-many" type="Dockerfile" />
      <mapping pattern=".releaserc" type="JSON" />
      <mapping pattern=".sequelizerc" type="JavaScript" />
      <mapping pattern="Dockerfile-worker" type="PLAIN_TEXT" />
      <mapping pattern=".github/CODEOWNERS" type="PLAIN_TEXT" />
      <mapping pattern=".env.production" type="PLAIN_TEXT" />
      <mapping pattern=".pass_staging" type="PLAIN_TEXT" />
      <mapping pattern="Toast" type="PLAIN_TEXT" />
      <mapping pattern="hosts-staging" type="PLAIN_TEXT" />
      <mapping pattern="Podfile" type="PLAIN_TEXT" />
      <mapping pattern=".env.development" type="PLAIN_TEXT" />
      <mapping pattern=".env" type="PLAIN_TEXT" />
      <mapping pattern="_redirects" type="PLAIN_TEXT" />
      <mapping pattern="pdftk" type="PLAIN_TEXT" />
      <mapping pattern="gammu-smsdrc" type="PLAIN_TEXT" />
      <mapping pattern="test_s3" type="PLAIN_TEXT" />
      <mapping pattern="2-smsdrc" type="PLAIN_TEXT" />
      <mapping pattern="Cronfile" type="PLAIN_TEXT" />
      <mapping pattern="_redirect" type="PLAIN_TEXT" />
      <mapping pattern="adapterts" type="PLAIN_TEXT" />
      <mapping pattern=".pass_production" type="PLAIN_TEXT" />
      <mapping pattern=".pass_development" type="PLAIN_TEXT" />
      <mapping pattern="CODEOWNERS" type="PLAIN_TEXT" />
      <mapping pattern="Procfile" type="PLAIN_TEXT" />
      <mapping pattern="LICENCE" type="PLAIN_TEXT" />
      <mapping pattern="LICENSE" type="PLAIN_TEXT" />
      <mapping pattern="WebPaymentAPI" type="PLAIN_TEXT" />
      <mapping pattern="1-smsdrc" type="PLAIN_TEXT" />
      <mapping pattern=".gitkeep" type="PLAIN_TEXT" />
      <mapping pattern="Dockerfile-worker-send-complaint" type="PLAIN_TEXT" />
      <mapping pattern="DockerFile" type="PLAIN_TEXT" />
      <mapping pattern="Dockerfile-worker-notify-users" type="PLAIN_TEXT" />
      <mapping ext="plist" type="PLAIN_TEXT" />
      <mapping ext="config" type="PLAIN_TEXT" />
      <mapping ext="ics" type="PLAIN_TEXT" />
      <mapping ext="hml" type="PLAIN_TEXT" />
      <mapping ext="qsdf" type="PLAIN_TEXT" />
      <mapping ext="com" type="PLAIN_TEXT" />
      <mapping ext="tpl" type="PLAIN_TEXT" />
      <mapping ext="gitkeep" type="PLAIN_TEXT" />
      <mapping ext="xcworkspacedata" type="PLAIN_TEXT" />
      <mapping ext="jts" type="PLAIN_TEXT" />
      <mapping ext="conf" type="PLAIN_TEXT" />
      <mapping ext="info" type="PLAIN_TEXT" />
      <mapping ext="kotlin_metadata" type="PLAIN_TEXT" />
      <removed_mapping pattern=".sequelizerc" approved="true" type="PLAIN_TEXT" />
      <mapping ext="ipynb" type="XS extension" />
    </extensionMap>
  </component>
</application>