<application>
  <component name="NodeJsLocalInterpreterManager">
    <local-interpreter path="/usr/local/bin/node" />
    <local-interpreter path="/usr/local/Cellar/node/17.3.1/bin/node" />
    <local-interpreter path="$USER_HOME$/.nvm/versions/node/v16.14.0/bin/node" />
    <local-interpreter path="$USER_HOME$/.nvm/versions/node/v16.13.1/bin/node" />
    <local-interpreter path="$USER_HOME$/.nvm/versions/node/v16.13.0/bin/node" />
    <local-interpreter path="$USER_HOME$/.nvm/versions/node/v16.12.0/bin/node" />
    <local-interpreter path="$USER_HOME$/.nvm/versions/node/v14.18.1/bin/node" />
    <local-interpreter path="$USER_HOME$/.nvm/versions/node/v14.17.6/bin/node" />
    <local-interpreter path="$USER_HOME$/.nvm/versions/node/v14.17.0/bin/node" />
    <local-interpreter path="$USER_HOME$/.nvm/versions/node/v14.16.1/bin/node" />
    <local-interpreter path="$USER_HOME$/.nvm/versions/node/v14.16.0/bin/node" />
  </component>
</application>