<application>
  <component name="Perl5ApplicationSettings">
    <option name="pluginVersion" value="203.5784.10-EAP-SNAPSHOT" />
    <option name="popupShown" value="true" />
  </component>
  <component name="PerlInterpreters">
    <perl version="2">
      <name value="Local, System: Perl 5.18.4" />
      <type value="Perl5 Interpreter" />
      <version value="5.18.4 for darwin-thread-multi-2level" />
      <homePath value="/usr/bin/perl" />
      <roots>
        <classPath>
          <root type="composite">
            <root url="file://$USER_HOME$/perl5/lib/perl5/5.18.4/darwin-thread-multi-2level" type="simple" />
            <root url="file://$USER_HOME$/perl5/lib/perl5/5.18.4" type="simple" />
            <root url="file://$USER_HOME$/perl5/lib/perl5/darwin-thread-multi-2level" type="simple" />
            <root url="file://$USER_HOME$/perl5/lib/perl5" type="simple" />
            <root url="file:///Library/Perl/5.18/darwin-thread-multi-2level" type="simple" />
            <root url="file:///Library/Perl/5.18" type="simple" />
            <root url="file:///Library/Perl/Updates/5.18.4/darwin-thread-multi-2level" type="simple" />
            <root url="file:///Library/Perl/Updates/5.18.4" type="simple" />
            <root url="file:///System/Library/Perl/5.18/darwin-thread-multi-2level" type="simple" />
            <root url="file:///System/Library/Perl/5.18" type="simple" />
            <root url="file:///System/Library/Perl/Extras/5.18/darwin-thread-multi-2level" type="simple" />
            <root url="file:///System/Library/Perl/Extras/5.18" type="simple" />
          </root>
        </classPath>
        <sourcePath>
          <root type="composite" />
        </sourcePath>
      </roots>
      <additional>
        <host id="localhost" />
        <implementation id="porters" />
        <versionManager id="system" />
      </additional>
    </perl>
  </component>
</application>