<keymap version="1" name="Default copy" parent="Mac OS X 10.5+">
  <action id="AutoIndentLines">
    <keyboard-shortcut first-keystroke="ctrl alt i" />
    <keyboard-shortcut first-keystroke="meta alt l" />
  </action>
  <action id="CheckinFiles">
    <keyboard-shortcut first-keystroke="ctrl meta alt f" />
  </action>
  <action id="CommentByLineComment">
    <keyboard-shortcut first-keystroke="meta slash" />
    <keyboard-shortcut first-keystroke="meta divide" />
    <keyboard-shortcut first-keystroke="shift meta colon" />
  </action>
  <action id="ReformatCode" />
  <action id="Vcs.ReformatCommitMessage" />
</keymap>