<keymap version="1" name="Mac OS X 10.5+ copy" parent="Mac OS X 10.5+">
  <action id="AutoIndentLines">
    <keyboard-shortcut first-keystroke="ctrl alt i" />
    <keyboard-shortcut first-keystroke="meta alt l" />
  </action>
  <action id="CheckinFiles">
    <keyboard-shortcut first-keystroke="ctrl meta alt f" />
  </action>
  <action id="CommentByBlockComment">
    <keyboard-shortcut first-keystroke="meta alt slash" />
    <keyboard-shortcut first-keystroke="meta alt divide" />
    <keyboard-shortcut first-keystroke="shift ctrl slash" />
    <keyboard-shortcut first-keystroke="shift ctrl divide" />
    <keyboard-shortcut first-keystroke="shift meta slash" />
    <keyboard-shortcut first-keystroke="shift meta divide" />
    <keyboard-shortcut first-keystroke="shift meta divide" />
    <keyboard-shortcut first-keystroke="shift meta alt colon" />
  </action>
  <action id="CommentByLineComment">
    <keyboard-shortcut first-keystroke="meta slash" />
    <keyboard-shortcut first-keystroke="meta divide" />
    <keyboard-shortcut first-keystroke="shift meta colon" />
  </action>
  <action id="EditorStartNewLineBefore" />
  <action id="FixDocComment">
    <keyboard-shortcut first-keystroke="meta alt enter" />
  </action>
  <action id="IntroduceParameter" />
  <action id="Javascript.Linters.EsLint.Fix">
    <keyboard-shortcut first-keystroke="meta alt p" />
  </action>
  <action id="PrettierImportCodeStyleAction">
    <keyboard-shortcut first-keystroke="ctrl meta alt p" />
  </action>
  <action id="QuickActionPopup" />
  <action id="ReformatCode" />
  <action id="Vcs.ReformatCommitMessage" />
</keymap>